row,column,well,sub,substrate,type
A,1,A1,Succ,Succinate,blank
A,2,A2,Lig,Lignin,blank
A,3,A3,VA,Vanillic Acid,blank
A,4,A4,BA,Benzoic Acid,blank
A,5,A5,PCA,Protocatechuic Acid,blank
A,6,A6,FA,Ferulic Acid,blank
A,7,A7,PHBA,Para-hydroxybenzoic Acid,blank
A,8,A8,Glu,Glucose,blank
B,1,B1,none,none,no culture
B,2,B2,BA,Benzoic Acid,growth
B,3,B3,PCA,Protocatechuic Acid,growth
B,4,B4,FA,Ferulic Acid,growth
B,5,B5,PHBA,Para-hydroxybenzoic Acid,growth
B,6,B6,Glu,Glucose,growth
B,7,B7,Succ,Succinate,growth
B,8,B8,none,none,no culture
C,1,C1,none,none,no culture
C,2,C2,FA,Ferulic Acid,growth
C,3,C3,PHBA,Para-hydroxybenzoic Acid,growth
C,4,C4,Glu,Glucose,growth
C,5,C5,Succ,Succinate,growth
C,6,C6,Lig,Lignin,growth
C,7,C7,VA,Vanillic Acid,growth
C,8,C8,none,none,no culture
D,1,D1,none,none,no culture
D,2,D2,Glu,Glucose,growth
D,3,D3,Succ,Succinate,growth
D,4,D4,Lig,Lignin,growth
D,5,D5,VA,Vanillic Acid,growth
D,6,D6,BA,Benzoic Acid,growth
D,7,D7,PCA,Protocatechuic Acid,growth
D,8,D8,none,none,no culture
E,1,E1,none,none,no culture
E,2,E2,Lig,Lignin,growth
E,3,E3,VA,Vanillic Acid,growth
E,4,E4,BA,Benzoic Acid,growth
E,5,E5,PCA,Protocatechuic Acid,growth
E,6,E6,FA,Ferulic Acid,growth
E,7,E7,PHBA,Para-hydroxybenzoic Acid,growth
E,8,E8,none,none,no culture
F,1,F1,none,none,no culture
F,2,F2,none,none,no culture
F,3,F3,none,none,no culture
F,4,F4,none,none,no culture
F,5,F5,none,none,no culture
F,6,F6,none,none,no culture
F,7,F7,none,none,no culture
F,8,F8,none,none,no culture
